polymer,1550.0000,1553.1496,1556.2992,1559.4488,1562.5984,1565.7480,1568.8976,1572.0472,1575.1969,1578.3465,1581.4961,1584.6457,1587.7953,1590.9449,1594.0945,1597.2441,1600.3937,1603.5433,1606.6929,1609.8425,1612.9921,1616.1417,1619.2913,1622.4409,1625.5906,1628.7402,1631.8898,1635.0394,1638.1890,1641.3386,1644.4882,1647.6378,1650.7874,1653.9370,1657.0866,1660.2362,1663.3858,1666.5354,1669.6850,1672.8346,1675.9843,1679.1339,1682.2835,1685.4331,1688.5827,1691.7323,1694.8819,1698.0315,1701.1811,1704.3307,1707.4803,1710.6299,1713.7795,1716.9291,1720.0787,1723.2283,1726.3780,1729.5276,1732.6772,1735.8268,1738.9764,1742.1260,1745.2756,1748.4252,1751.5748,1754.7244,1757.8740,1761.0236,1764.1732,1767.3228,1770.4724,1773.6220,1776.7717,1779.9213,1783.0709,1786.2205,1789.3701,1792.5197,1795.6693,1798.8189,1801.9685,1805.1181,1808.2677,1811.4173,1814.5669,1817.7165,1820.8661,1824.0157,1827.1654,1830.3150,1833.4646,1836.6142,1839.7638,1842.9134,1846.0630,1849.2126,1852.3622,1855.5118,1858.6614,1861.8110,1864.9606,1868.1102,1871.2598,1874.4094,1877.5591,1880.7087,1883.8583,1887.0079,1890.1575,1893.3071,1896.4567,1899.6063,1902.7559,1905.9055,1909.0551,1912.2047,1915.3543,1918.5039,1921.6535,1924.8031,1927.9528,1931.1024,1934.2520,1937.4016,1940.5512,1943.7008,1946.8504,1950.0000
HDPE,55388,55337,55435,55666,56010,56447,56962,57543,58185,58885,59640,60440,61266,62088,62866,63556,64113,64504,64712,64743,64629,64422,64189,64002,63920,63982,64193,64525,64915,65277,65514,65535,65272,64691,63801,62649,61312,59879,58434,57033,55690,54365,52968,51369,49418,46971,43919,40210,35872,31012,25817,20531,15428,10780,6824,3728,1579,368,0,310,1091,2125,3211,4194,4979,5540,5911,6174,6434,6800,7359,8158,9202,10443,11798,13157,14404,15435,16172,16577,16655,16451,16042,15529,15016,14605,14378,14394,14685,15256,16092,17162,18428,19848,21387,23014,24707,26449,28228,30032,31847,33657,35440,37171,38821,40362,41768,43019,44104,45022,45786,46418,46954,47436,47911,48426,49023,49734,50575,51543,52617,53756,54900,55981,56924,57654,58111,58247
HDPE,54916,54896,55038,55323,55729,56231,56811,57454,58149,58894,59680,60500,61336,62159,62933,63617,64169,64558,64769,64806,64701,64502,64275,64088,63999,64047,64238,64548,64919,65267,65502,65535,65299,64761,63927,62840,61572,60209,58829,57486,56189,54900,53526,51937,49984,47522,44440,40688,36292,31362,26088,20717,15532,10813,6802,3675,1520,328,0,360,1189,2254,3343,4291,5000,5446,5673,5777,5882,6117,6584,7343,8400,9704,11159,12636,13997,15117,15904,16308,16333,16033,15500,14851,14214,13704,13414,13407,13708,14310,15179,16268,17522,18893,20343,21851,23410,25023,26698,28441,30250,32110,33990,35848,37634,39292,40775,42046,43085,43895,44501,44946,45291,45606,45961,46419,47033,47831,48822,49987,51288,52663,54036,55324,56441,57311,57866,58060
HDPE,54965,54998,55286,55783,56427,57155,57909,58646,59338,59977,60572,61136,61686,62231,62769,63285,63754,64145,64433,64600,64648,64597,64484,64361,64278,64280,64389,64604,64892,65195,65436,65535,65417,65032,64361,63420,62253,60928,59513,58067,56616,55146,53597,51869,49837,47369,44356,40735,36508,31755,26632,21363,16210,11450,7334,4060,1746,416,0,344,1240,2452,3750,4945,5909,6587,7000,7228,7392,7626,8049,8741,9728,10979,12406,13885,15275,16439,17275,17721,17776,17490,16962,16319,15701,15235,15023,15129,15574,16339,17376,18618,19996,21449,22938,24444,25971,27536,29165,30876,32674,34546,36455,38347,40159,41823,43283,44504,45473,46209,46753,47171,47534,47918,48385,48981,49725,50616,51624,52707,53808,54870,55837,56663,57309,57750,57970,57958
HDPE,55595,55550,55742,56128,56660,57283,57952,58632,59304,59962,60614,61268,61930,62597,63253,63867,64404,64826,65104,65226,65199,65057,64851,64643,64493,64449,64534,64737,65016,65300,65503,65535,65322,64819,64019,62953,61688,60306,58892,57508,56179,54877,53525,51998,50145,47814,44880,41274,37002,32158,26917,21523,16262,11425,7270,3993,1701,400,0,329,1166,2270,3417,4433,5213,5728,6024,6202,6391,6726,7312,8207,9409,10857,12437,14007,15416,16536,17274,17594,17519,17125,16530,15871,15289,14901,14795,15011,15551,16380,17441,18668,20002,21402,22848,24345,25917,27591,29394,31337,33407,35563,37745,39870,41855,43620,45107,46288,47166,47782,48202,48510,48797,49144,49616,50248,51046,51988,53029,54109,55163,56130,56961,57620,58090,58362,58438,58324
HDPE,50182,50138,50552,51341,52393,53591,54826,56009,57084,58027,58844,59559,60207,60815,61399,61958,62472,62913,63252,63469,63564,63559,63497,63436,63436,63545,63788,64154,64598,65042,65388,65535,65395,64916,64087,62944,61564,60047,58497,57000,55595,54270,52946,51494,49751,47544,44730,41219,37005,32175,26907,21457,16124,11219,7020,3737,1484,271,0,486,1490,2751,4030,5138,5959,6464,6701,6781,6846,7044,7499,8281,9400,10803,12380,13987,15469,16687,17536,17966,17984,17653,17081,16400,15749,15255,15014,15086,15489,16206,17192,18388,19733,21175,22678,24225,25816,27460,29172,30957,32813,34717,36631,38504,40275,41885,43282,44433,45324,45968,46399,46671,46852,47013,47222,47536,47993,48612,49387,50293,51282,52296,53266,54121,54792,55217,55348,55148
HDPE,55815,55769,55898,56179,56582,57077,57635,58235,58861,59505,60164,60832,61501,62156,62773,63325,63785,64129,64347,64441,64433,64360,64271,64214,64232,64350,64567,64855,65162,65414,65535,65450,65110,64492,63609,62510,61263,59950,58642,57383,56176,54974,53682,52168,50278,47869,44828,41105,36722,31787,26487,21070,15820,11023,6929,3727,1518,305,0,434,1389,2630,3933,5119,6075,6758,7198,7479,7719,8042,8554,9323,10360,11625,13029,14449,15752,16816,17549,17905,17889,17559,17009,16362,15746,15281,15058,15136,15535,16240,17210,18391,19724,21158,22659,24209,25807,27465,29193,31001,32883,34820,36772,38689,40512,42183,43655,44898,45904,46691,47297,47779,48201,48629,49119,49712,50431,51274,52222,53240,54281,55293,56225,57031,57673,58120,58351,58352
HDPE,55953,55856,55923,56137,56477,56923,57455,58060,58728,59450,60219,61021,61837,62634,63376,64020,64526,64863,65016,64996,64832,64577,64299,64065,63939,63958,64133,64439,64819,65191,65459,65535,65345,64853,64061,63007,61765,60420,59055,57729,56457,55205,53883,52360,50480,48088,45063,41340,36935,31952,26579,21073,15731,10854,6710,3497,1324,191,0,563,1641,2972,4312,5469,6321,6836,7057,7096,7102,7231,7614,8336,9414,10798,12378,14003,15504,16727,17553,17921,17833,17357,16612,15752,14940,14325,14023,14104,14585,15438,16595,17970,19473,21025,22573,24093,25590,27093,28639,30267,32001,33842,35768,37729,39660,41485,43133,44549,45700,46585,47233,47700,48056,48382,48755,49237,49869,50667,51619,52694,53840,54994,56091,57066,57863,58435,58746,58772
HDPE,55323,55308,55534,55957,56518,57156,57821,58473,59097,59689,60263,60833,61411,61997,62575,63117,63583,63935,64145,64203,64126,63954,63749,63579,63511,63592,63834,64215,64672,65115,65437,65535,65328,64774,63880,62696,61312,59834,58366,56981,55701,54490,53250,51831,50059,47760,44800,41109,36706,31705,26309,20791,15459,10620,6536,3396,1288,195,0,509,1483,2676,3866,4890,5659,6160,6452,6644,6865,7242,7869,8789,9988,11400,12911,14389,15699,16726,17399,17691,17628,17282,16757,16170,15640,15268,15130,15268,15693,16391,17329,18466,19764,21189,22719,24342,26054,27851,29727,31667,33647,35631,37577,39436,41163,42718,44074,45221,46165,46927,47544,48060,48525,48988,49492,50071,50744,51519,52387,53328,54308,55284,56209,57032,57704,58181,58426,58414
HDPE,54465,54514,54814,55315,55956,56673,57412,58136,58828,59493,60148,60813,61504,62222,62949,63648,64271,64764,65086,65214,65154,64943,64644,64335,64098,63997,64067,64304,64662,65057,65384,65535,65415,64966,64174,63075,61745,60286,58800,57370,56032,54764,53481,52046,50290,48037,45145,41531,37198,32244,26863,21319,15923,10990,6797,3550,1354,207,0,539,1579,2859,4142,5244,6060,6568,6823,6938,7054,7312,7823,8647,9781,11161,12674,14178,15525,16590,17287,17586,17512,17140,16587,15983,15459,15127,15064,15308,15859,16683,17728,18932,20240,21611,23023,24472,25973,27544,29201,30954,32791,34685,36592,38454,40212,41811,43208,44382,45336,46093,46697,47203,47673,48164,48720,49371,50127,50980,51904,52864,53816,54716,55523,56202,56726,57075,57238,57206
HDPE,49737,49754,50290,51247,52492,53887,55299,56627,57802,58800,59631,60332,60948,61522,62082,62635,63163,63638,64023,64289,64426,64446,64384,64295,64238,64262,64398,64642,64956,65271,65495,65535,65310,64773,63917,62781,61441,59997,58546,57165,55884,54678,53455,52077,50371,48161,45304,41719,37409,32473,27102,21564,16165,11220,7003,3719,1475,270,0,477,1462,2702,3965,5071,5915,6472,6789,6969,7143,7443,7972,8786,9886,11212,12663,14109,15415,16464,17176,17517,17506,17205,16714,16148,15626,15252,15103,15226,15634,16316,17238,18358,19632,21025,22510,24073,25709,27416,29193,31033,32918,34820,36702,38518,40222,41770,43128,44272,45196,45910,46442,46830,47124,47380,47651,47986,48423,48985,49679,50490,51388,52324,53237,54056,54710,55130,55260,55057
HDPE,56670,56599,56685,56907,57236,57644,58108,58614,59159,59744,60374,61049,61760,62486,63191,63831,64357,64729,64919,64925,64770,64503,64193,63917,63746,63731,63890,64206,64621,65050,65388,65535,65405,64950,64163,63081,61778,60346,58879,57447,56076,54743,53364,51813,49933,47569,44596,40945,36625,31736,26462,21052,15798,10992,6894,3695,1497,298,0,423,1340,2504,3691,4725,5503,5998,6259,6389,6522,6796,7319,8157,9311,10724,12290,13868,15310,16482,17288,17682,17677,17337,16769,16106,15482,15021,14817,14924,15359,16101,17105,18311,19659,21099,22598,24143,25737,27395,29133,30961,32877,34857,36865,38844,40735,42474,44011,45312,46365,47184,47806,48285,48688,49082,49531,50081,50762,51583,52530,53573,54667,55756,56786,57698,58444,58980,59275,59307
HDPE,54962,54908,55038,55325,55737,56242,56810,57423,58071,58751,59463,60206,60971,61736,62469,63127,63668,64054,64263,64294,64173,63951,63695,63480,63374,63427,63653,64032,64505,64982,65360,65535,65421,64968,64170,63062,61719,60235,58706,57205,55767,54371,52945,51365,49481,47142,44219,40643,36415,31625,26447,21121,15927,11153,7058,3835,1594,344,0,395,1310,2509,3766,4901,5801,6424,6803,7024,7208,7482,7954,8691,9706,10958,12355,13776,15087,16165,16919,17301,17314,17013,16492,15867,15267,14808,14582,14651,15037,15732,16701,17891,19249,20722,22273,23878,25528,27224,28970,30771,32620,34499,36379,38217,39967,41582,43023,44264,45295,46128,46791,47328,47791,48235,48713,49264,49917,50680,51547,52493,53483,54470,55404,56234,56911,57396,57654,57663
HDPE,54406,54428,54691,55153,55762,56460,57199,57939,58659,59352,60022,60677,61322,61955,62560,63110,63574,63920,64126,64187,64121,63967,63783,63632,63575,63654,63884,64243,64677,65102,65420,65535,65369,64877,64058,62949,61625,60177,58697,57252,55867,54516,53117,51544,49645,47267,44288,40644,36347,31496,26272,20921,15728,10978,6923,3749,1554,336,0,373,1235,2351,3503,4522,5306,5826,6124,6295,6461,6749,7260,8053,9134,10450,11905,13372,14714,15811,16573,16955,16966,16661,16136,15508,14903,14437,14201,14255,14624,15299,16247,17421,18766,20232,21781,23387,25040,26738,28485,30284,32130,34009,35893,37747,39525,41180,42670,43962,45038,45897,46558,47056,47441,47771,48107,48504,49010,49655,50450,51386,52434,53544,54655,55694,56588,57269,57677,57771
HDPE,54952,54750,54800,55070,55520,56106,56788,57533,58315,59120,59934,60747,61543,62299,62984,63565,64008,64288,64396,64344,64166,63917,63666,63482,63423,63527,63796,64197,64666,65111,65432,65535,65350,64845,64028,62952,61697,60359,59024,57752,56553,55382,54140,52685,50850,48478,45446,41694,37248,32221,26809,21278,15923,11043,6895,3670,1464,274,0,464,1443,2696,4001,5185,6143,6841,7315,7654,7976,8401,9027,9912,11061,12425,13913,15402,16765,17884,18674,19093,19146,18887,18403,17806,17217,16746,16482,16488,16794,17399,18282,19405,20724,22199,23796,25490,27269,29123,31048,33034,35066,37118,39153,41127,42991,44695,46197,47467,48488,49266,49822,50197,50445,50630,50817,51066,51428,51937,52606,53427,54368,55378,56389,57323,58100,58643,58888,58787
HDPE,49936,49856,50364,51354,52686,54203,55761,57235,58540,59635,60514,61205,61754,62208,62607,62974,63314,63614,63855,64019,64097,64099,64052,63997,63980,64042,64207,64473,64806,65148,65419,65535,65421,65030,64347,63396,62235,60943,59603,58277,56994,55730,54412,52915,51089,48778,45853,42237,37931,33026,27696,22189,16797,11822,7534,4141,1761,410,0,360,1264,2462,3723,4859,5756,6377,6762,7010,7254,7632,8257,9197,10456,11980,13657,15345,16889,18148,19019,19450,19450,19084,18460,17715,16992,16423,16111,16118,16469,17150,18118,19317,20687,22177,23751,25391,27095,28867,30716,32641,34629,36650,38657,40592,42392,43998,45367,46474,47320,47932,48358,48663,48916,49187,49530,49986,50569,51273,52071,52920,53767,54555,55228,55739,56046,56119,55936,55485
LDPE,51005,50214,49345,48517,47877,47574,47725,48397,49589,51228,53182,55282,57345,59207,60742,61885,62632,63037,63194,63219,63223,63296,63490,63811,64229,64683,65098,65401,65535,65468,65195,64736,64124,63396,62583,61699,60738,59677,58475,57084,55458,53553,51338,48795,45917,42706,39176,35351,31268,26984,22581,18168,13886,9899,6386,3519,1445,262,0,606,1949,3830,5998,8194,10178,11765,12854,13440,13609,13524,13390,13416,13775,14571,15815,17426,19237,21029,22571,23656,24145,23988,23239,22042,20614,19199,18037,17317,17154,17570,18502,19818,21344,22907,24365,25631,26691,27599,28459,29404,30558,32008,33787,35855,38111,40405,42564,44425,45864,46813,47275,47320,47075,46695,46341,46155,46236,46629,47327,48272,49372,50518,51600,52519,53197,53581,53636,53342
LDPE,48410,47068,45481,43835,42367,41323,40916,41287,42485,44451,47036,50018,53143,56154,58835,61031,62663,63729,64293,64464,64371,64142,63884,63675,63559,63553,63649,63833,64082,64375,64692,65006,65283,65478,65535,65387,64969,64228,63127,61659,59847,57737,55388,52859,50193,47401,44462,41322,37912,34168,30057,25603,20900,16123,11511,7345,3910,1451,131,0,979,2868,5368,8130,10801,13087,14793,15849,16322,16388,16300,16329,16713,17605,19042,20934,23083,25218,27048,28316,28850,28599,27639,26166,24454,22814,21531,20820,20791,21435,22636,24201,25902,27531,28934,30048,30903,31614,32346,33278,34551,36238,38316,40669,43105,45388,47286,48612,49264,49244,48657,47693,46595,45608,44943,44740,45043,45805,46899,48148,49362,50373,51061,51368,51297,50898,50242,49397
LDPE,49854,48883,47705,46495,45471,44850,44813,45460,46796,48723,51060,53565,55985,58089,59710,60765,61267,61312,61062,60703,60419,60353,60586,61129,61926,62868,63821,64650,65244,65535,65504,65180,64626,63925,63156,62381,61630,60899,60148,59310,58303,57040,55440,53435,50979,48044,44626,40744,36444,31802,26923,21950,17057,12440,8308,4862,2267,634,0,310,1428,3140,5187,7295,9218,10770,11853,12471,12723,12781,12857,13157,13842,14993,16590,18515,20566,22497,24058,25045,25334,24910,23871,22408,20782,19271,18128,17539,17595,18281,19488,21039,22727,24360,25793,26961,27879,28641,29388,30279,31447,32974,34866,37047,39375,41667,43730,45403,46583,47245,47443,47302,46987,46677,46527,46642,47060,47754,48637,49585,50468,51170,51614,51770,51653,51312,50812,50209
LDPE,36346,35451,34803,34508,34686,35447,36856,38910,41527,44551,47770,50946,53853,56308,58202,59510,60292,60674,60824,60914,61092,61452,62023,62769,63601,64400,65045,65441,65535,65326,64864,64234,63535,62854,62246,61719,61228,60683,59963,58936,57486,55526,53020,49975,46450,42533,38334,33966,29536,25136,20848,16745,12900,9392,6311,3751,1804,541,0,165,964,2266,3894,5643,7312,8732,9793,10459,10776,10857,10865,10974,11337,12053,13146,14553,16137,17709,19062,20010,20425,20258,19556,18452,17140,15845,14782,14119,13951,14285,15048,16102,17282,18424,19406,20169,20727,21165,21616,22230,23145,24448,26158,28216,30492,32805,34955,36759,38077,38845,39073,38851,38326,37677,37082,36694,36614,36880,37469,38305,39278,40260,41132,41790,42158,42189,41857,41150
LDPE,52560,51117,49508,47909,46542,45630,45353,45815,47018,48862,51160,53669,56132,58318,60059,61275,61977,62260,62274,62194,62178,62342,62734,63330,64044,64743,65284,65535,65406,64866,63944,62723,61321,59870,58489,57263,56231,55382,54658,53969,53209,52270,51058,49502,47554,45192,42412,39224,35654,31741,27544,23151,18681,14289,10160,6497,3504,1354,170,0,796,2423,4663,7240,9862,12258,14215,15609,16422,16736,16719,16585,16557,16823,17501,18612,20083,21754,23407,24813,25766,26123,25834,24949,23607,22019,20429,19074,18149,17780,18008,18794,20030,21570,23258,24958,26575,28069,29452,30774,32107,33518,35050,36709,38455,40211,41878,43351,44545,45410,45943,46192,46247,46229,46264,46469,46929,47687,48738,50029,51471,52949,54334,55503,56343,56760,56684,56068
LDPE,42134,43039,44445,46232,48246,50319,52292,54040,55482,56592,57396,57959,58369,58721,59093,59539,60076,60688,61332,61949,62483,62893,63160,63298,63345,63358,63396,63512,63736,64066,64471,64891,65255,65489,65535,65362,64973,64402,63704,62939,62151,61350,60498,59502,58222,56486,54119,50975,46970,42108,36497,30352,23978,17738,12015,7160,3451,1053,0,187,1395,3318,5612,7941,10028,11688,12845,13538,13899,14119,14413,14969,15920,17312,19102,21164,23313,25338,27043,28276,28960,29100,28784,28164,27427,26768,26352,26295,26648,27394,28460,29738,31106,32455,33708,34830,35827,36742,37634,38562,39565,40652,41794,42931,43981,44861,45499,45858,45941,45792,45491,45137,44830,44651,44644,44809,45103,45447,45745,45904,45856,45572,45076,44438,43768,43193,42840,42807
LDPE,54849,55356,56079,56946,57869,58756,59529,60139,60570,60841,61001,61114,61248,61456,61768,62183,62669,63174,63637,63998,64218,64286,64221,64072,63903,63786,63777,63910,64183,64557,64965,65319,65533,65535,65282,64772,64041,63151,62178,61187,60214,59245,58210,56986,55410,53306,50513,46923,42506,37329,31565,25477,19396,13682,8681,4680,1871,328,0,719,2231,4233,6414,8503,10302,11703,12702,13380,13883,14386,15059,16032,17368,19059,21022,23116,25171,27014,28501,29540,30108,30249,30070,29716,29351,29129,29171,29550,30284,31339,32641,34093,35593,37056,38423,39670,40805,41861,42884,43918,44993,46116,47266,48401,49466,50399,51152,51694,52026,52174,52190,52142,52101,52127,52264,52526,52900,53351,53827,54271,54639,54899,55046,55100,55099,55095,55141,55278
LDPE,55741,56231,56935,57779,58669,59510,60224,60761,61109,61297,61379,61430,61523,61714,62031,62469,62988,63526,64010,64374,64574,64600,64474,64252,64011,63829,63772,63876,64141,64522,64945,65315,65535,65528,65254,64712,63945,63026,62042,61065,60136,59237,58293,57165,55676,53630,50855,47233,42732,37429,31511,25262,19038,13221,8176,4201,1491,113,0,963,2727,4965,7350,9600,11512,12986,14024,14722,15239,15763,16469,17490,18889,20648,22675,24821,26908,28757,30224,31224,31739,31824,31594,31204,30823,30607,30674,31092,31871,32970,34307,35778,37280,38726,40061,41264,42348,43351,44322,45309,46341,47425,48541,49643,50674,51572,52288,52793,53087,53200,53185,53111,53050,53064,53193,53453,53830,54285,54766,55217,55589,55853,56003,56056,56052,56041,56076,56199
LDPE,55251,55751,56475,57347,58271,59151,59904,60479,60862,61077,61179,61241,61335,61519,61824,62247,62753,63281,63764,64138,64359,64416,64330,64154,63959,63820,63798,63925,64199,64578,64988,65337,65535,65508,65218,64666,63892,62967,61969,60965,59986,59014,57968,56715,55084,52893,49983,46253,41686,36370,30496,24347,18268,12628,7768,3964,1390,95,0,915,2568,4647,6844,8897,10624,11943,12866,13495,13984,14513,15245,16297,17718,19482,21492,23599,25630,27417,28826,29780,30270,30354,30145,29794,29461,29293,29400,29845,30636,31733,33060,34521,36019,37476,38841,40092,41241,42320,43371,44433,45530,46663,47810,48930,49969,50871,51594,52114,52434,52582,52610,52581,52561,52606,52754,53018,53386,53823,54282,54714,55075,55340,55502,55578,55603,55622,55681,55818
LDPE,55260,55755,56474,57342,58267,59150,59912,60501,60902,61139,61264,61349,61464,61667,61987,62421,62934,63465,63948,64317,64529,64573,64469,64271,64049,63881,63830,63931,64185,64552,64960,65318,65535,65534,65275,64754,64009,63109,62133,61150,60196,59255,58254,57061,55506,53404,50591,46955,42468,37206,31350,25178,19033,13286,8291,4338,1615,190,0,863,2513,4634,6910,9067,10907,12330,13338,14023,14537,15061,15767,16783,18168,19907,21910,24032,26097,27931,29394,30397,30925,31027,30816,30444,30075,29862,29925,30331,31094,32175,33495,34956,36456,37911,39263,40491,41607,42644,43650,44669,45730,46840,47977,49098,50147,51065,51802,52330,52648,52785,52792,52737,52690,52711,52841,53096,53463,53906,54374,54815,55180,55440,55590,55647,55649,55643,55681,55803
LDPE,54822,55333,56073,56966,57916,58825,59609,60215,60628,60871,60995,61074,61178,61367,61670,62086,62582,63100,63575,63945,64169,64237,64171,64022,63858,63752,63762,63917,64211,64601,65011,65352,65535,65488,65176,64603,63812,62872,61863,60849,59860,58873,57808,56530,54868,52644,49702,45947,41366,36051,30195,24083,18055,12474,7675,3925,1388,107,0,874,2463,4459,6563,8525,10171,11425,12307,12918,13410,13958,14716,15795,17235,19004,21004,23086,25079,26822,28186,29102,29563,29631,29420,29077,28758,28607,28728,29180,29971,31060,32373,33818,35304,36755,38121,39385,40557,41665,42749,43843,44966,46119,47278,48402,49439,50338,51058,51580,51908,52071,52119,52114,52119,52186,52351,52625,52995,53428,53879,54301,54654,54913,55073,55153,55185,55212,55279,55423
LDPE,54508,55011,55743,56630,57578,58490,59284,59907,60340,60604,60750,60844,60958,61149,61450,61862,62354,62872,63353,63735,63977,64065,64017,63882,63725,63620,63625,63775,64069,64468,64903,65283,65519,65535,65287,64773,64029,63123,62135,61138,60172,59231,58247,57097,55615,53617,50934,47445,43109,37985,32238,26129,19990,14189,9080,4962,2041,401,0,676,2176,4193,6412,8554,10409,11864,12907,13615,14133,14639,15304,16264,17587,19268,21226,23322,25382,27230,28721,29758,30316,30438,30231,29844,29442,29185,29196,29551,30271,31320,32624,34082,35592,37064,38438,39687,40821,41873,42890,43918,44989,46109,47260,48399,49467,50403,51155,51694,52017,52153,52154,52089,52032,52046,52173,52429,52802,53252,53727,54169,54529,54778,54908,54939,54913,54883,54903,55017
LDPE,55165,55650,56355,57207,58110,58968,59702,60260,60631,60840,60944,61015,61127,61336,61670,62125,62660,63214,63714,64096,64315,64360,64255,64056,63838,63679,63646,63774,64060,64462,64904,65290,65526,65535,65274,64747,63996,63095,62131,61179,60275,59407,58494,57399,55943,53929,51184,47586,43104,37813,31896,25638,19392,13541,8450,4418,1641,189,0,888,2582,4759,7096,9313,11207,12676,13721,14435,14972,15515,16238,17268,18666,20415,22424,24546,26604,28423,29864,30840,31335,31406,31165,30766,30376,30147,30200,30599,31357,32434,33748,35201,36689,38129,39465,40676,41774,42796,43788,44795,45845,46945,48071,49182,50218,51120,51841,52351,52651,52770,52762,52693,52634,52647,52771,53022,53387,53828,54296,54736,55100,55359,55507,55562,55559,55550,55582,55698
LDPE,40570,40144,40839,42481,44837,47640,50621,53536,56189,58446,60242,61573,62485,63057,63382,63552,63638,63693,63743,63796,63849,63894,63932,63971,64027,64122,64276,64495,64771,65072,65344,65522,65535,65319,64836,64074,63056,61836,60488,59089,57701,56351,55021,53638,52085,50208,47850,44873,41192,36801,31786,26328,20693,15201,10188,5968,2786,789,0,321,1545,3389,5532,7665,9535,10974,11921,12421,12610,12679,12839,13274,14110,15389,17061,18990,20983,22818,24287,25230,25562,25288,24500,23362,22082,20879,19948,19432,19408,19877,20777,22000,23416,24902,26365,27754,29069,30349,31660,33076,34657,36426,38368,40422,42490,44455,46200,47629,48683,49352,49677,49737,49645,49518,49466,49568,49867,50358,51000,51719,52421,53011,53403,53524,53327,52782,51875,50602
LDPE,54725,55241,55992,56901,57871,58803,59612,60243,60677,60937,61073,61156,61259,61439,61729,62130,62611,63116,63580,63944,64165,64232,64166,64015,63849,63738,63740,63887,64176,64564,64979,65332,65535,65514,65233,64692,63931,63018,62029,61031,60056,59083,58036,56784,55159,52983,50098,46403,41879,36609,30780,24667,18610,12970,8086,4233,1586,198,0,807,2358,4347,6471,8473,10171,11478,12405,13046,13552,14094,14834,15887,17302,19054,21049,23142,25161,26943,28353,29314,29814,29910,29711,29365,29032,28857,28951,29379,30151,31231,32545,33999,35500,36968,38352,39629,40809,41921,43005,44098,45221,46377,47542,48675,49723,50630,51355,51874,52189,52331,52348,52306,52270,52297,52425,52667,53011,53426,53866,54280,54626,54879,55033,55104,55127,55145,55206,55344
PET,52982,53246,53581,54049,54723,55659,56874,58337,59960,61610,63129,64361,65184,65535,65424,64940,64232,63484,62872,62532,62513,62764,63121,63324,63049,61958,59752,56225,51310,45106,37878,30046,22135,14727,8389,3613,755,0,1335,4562,9312,15090,21332,27458,32932,37312,40287,41700,41557,40013,37352,33953,30244,26662,23606,21399,20261,20288,21451,23609,26527,29916,33464,36883,39943,42491,44471,45919,46947,47715,48398,49155,50094,51259,52619,54084,55516,56766,57701,58232,58338,58063,57519,56859,56252,55853,55774,56062,56700,57606,58655,59705,60628,61331,61779,61990,62032,62002,61995,62079,62270,62524,62737,62762,62436,61621,60226,58245,55762,52949,50046,47324,45049,43434,42610,42604,43336,44639,46285,48029,49647,50975,51925,52499,52767,52852,52888,52989
PET,51005,51274,51650,52202,53006,54119,55557,57275,59169,61083,62833,64241,65166,65535,65361,64746,63863,62922,62132,61652,61553,61788,62187,62476,62307,61315,59179,55679,50743,44477,37170,29264,21317,13932,7694,3095,478,0,1611,5068,9965,15779,21930,27843,33007,37019,39620,40707,40334,38692,36084,32886,29503,26331,23718,21932,21141,21404,22668,24788,27544,30677,33919,37025,39806,42147,44013,45445,46548,47461,48331,49280,50385,51659,53053,54463,55754,56787,57447,57672,57466,56903,56118,55287,54591,54191,54199,54655,55525,56709,58060,59414,60618,61562,62194,62524,62619,62580,62512,62500,62577,62718,62835,62792,62435,61623,60262,58333,55906,53136,50249,47504,45158,43425,42440,42238,42754,43836,45271,46826,48288,49494,50359,50876,51112,51176,51194,51274
PET,53484,53669,53838,54091,54542,55290,56387,57819,59496,61265,62930,64294,65193,65535,65318,64640,63679,62664,61824,61339,61297,61659,62253,62784,62879,62139,60207,56834,51928,45592,38121,29986,21778,14144,7707,2994,371,0,1825,5584,10838,17028,23539,29769,35183,39368,42063,43172,42760,41033,38304,34957,31402,28036,25205,23177,22122,22106,23091,24950,27488,30466,33637,36769,39674,42227,44370,46114,47524,48702,49760,50795,51873,53013,54187,55327,56342,57141,57655,57854,57761,57448,57029,56638,56403,56425,56754,57380,58235,59207,60161,60968,61533,61814,61831,61664,61432,61266,61278,61529,62009,62628,63223,63589,63510,62803,61356,59161,56320,53044,49622,46385,43650,41675,40621,40528,41311,42781,44680,46727,48661,50288,51501,52286,52716,52917,53031,53183
PET,52762,52997,53334,53826,54532,55488,56695,58100,59600,61050,62288,63164,63570,63468,62899,61988,60916,59896,59125,58741,58789,59195,59767,60210,60166,59272,57214,53786,48934,42783,35630,27925,20219,13103,7138,2786,364,0,1625,4989,9686,15210,21008,26540,31334,35025,37387,38339,37947,36403,33994,31072,28013,25177,22881,21362,20769,21144,22435,24500,27133,30090,33124,36011,38582,40737,42456,43792,44857,45796,46757,47865,49192,50747,52472,54252,55934,57362,58402,58970,59055,58716,58081,57326,56641,56201,56138,56517,57327,58490,59872,61315,62664,63796,64639,65177,65451,65535,65516,65467,65424,65371,65243,64935,64326,63310,61825,59874,57539,54975,52394,50031,48108,46800,46200,46306,47021,48173,49538,50890,52029,52822,53219,53254,53033,52707,52433,52342
PET,58948,58916,58742,58531,58409,58490,58849,59502,60393,61406,62385,63164,63601,63615,63198,62427,61447,60442,59595,59044,58842,58934,59148,59213,58798,57559,55204,51546,46548,40347,33252,25714,18279,11520,5969,2052,35,0,1834,5258,9862,15161,20657,25893,30501,34235,36976,38733,39623,39834,39601,39161,38733,38491,38556,38990,39800,40949,42369,43971,45662,47353,48967,50449,51766,52908,53886,54726,55469,56154,56818,57487,58168,58851,59509,60102,60589,60932,61112,61131,61015,60816,60601,60445,60415,60557,60892,61404,62047,62753,63443,64044,64501,64792,64928,64951,64924,64911,64964,65099,65293,65475,65535,65343,64771,63718,62137,60049,57550,54805,52031,49466,47337,45829,45057,45052,45760,47049,48738,50622,52506,54229,55685,56829,57669,58254,58648,58912
PET,59624,59563,59368,59146,59025,59125,59520,60226,61182,62267,63314,64148,64619,64641,64205,63391,62354,61290,60396,59825,59642,59796,60117,60324,60071,58994,56777,53210,48239,41989,34767,27034,19353,12322,6502,2347,147,0,1801,5266,9972,15414,21069,26460,31200,35029,37827,39608,40500,40708,40481,40069,39698,39543,39715,40263,41178,42406,43862,45452,47079,48660,50132,51455,52613,53608,54462,55207,55876,56502,57112,57716,58315,58892,59420,59868,60204,60404,60463,60390,60220,60001,59796,59668,59671,59841,60187,60692,61311,61984,62642,63222,63683,64007,64207,64320,64401,64502,64663,64893,65165,65412,65535,65417,64949,64046,62669,60845,58661,56269,53860,51643,49817,48538,47904,47934,48576,49708,51169,52777,54364,55791,56973,57877,58519,58949,59231,59423
PET,58042,58131,58114,58065,58074,58218,58549,59073,59744,60475,61151,61652,61880,61779,61351,60658,59805,58924,58139,57534,57126,56852,56562,56038,55025,53270,50570,46808,41989,36253,29865,23200,16691,10791,5910,2373,383,0,1138,3588,7039,11128,15473,19720,23576,26825,29347,31110,32161,32613,32618,32351,31987,31687,31585,31779,32327,33248,34521,36093,37885,39804,41749,43630,45373,46928,48279,49436,50436,51330,52176,53020,53890,54789,55693,56556,57320,57928,58339,58540,58552,58428,58252,58117,58117,58324,58775,59466,60350,61346,62354,63275,64029,64572,64899,65047,65083,65084,65117,65216,65369,65512,65535,65296,64653,63486,61730,59396,56578,53448,50243,47228,44664,42771,41698,41501,42140,43491,45363,47535,49786,51926,53819,55389,56617,57529,58173,58599
PET,49733,48909,48449,48372,48691,49397,50447,51755,53196,54619,55863,56784,57279,57304,56882,56099,55091,54010,53001,52162,51523,51031,50553,49892,48821,47117,44607,41201,36915,31880,26333,20591,15013,9959,5745,2608,685,0,469,1921,4123,6806,9702,12564,15184,17411,19148,20352,21033,21244,21073,20637,20074,19528,19146,19060,19375,20159,21432,23163,25270,27633,30109,32552,34835,36868,38612,40082,41337,42472,43588,44770,46071,47490,48974,50427,51725,52746,53395,53629,53472,53014,52404,51821,51446,51429,51862,52758,54053,55619,57287,58880,60251,61310,62036,62483,62756,62988,63296,63748,64337,64962,65441,65535,64987,63579,61173,57754,53449,48526,43364,38407,34108,30866,28968,28557,29613,31965,35318,39301,43519,47602,51245,54227,56417,57758,58245,57894
PET,57990,58036,57960,57851,57815,57952,58323,58941,59756,60668,61540,62229,62615,62627,62260,61581,60712,59810,59029,58481,58204,58143,58139,57954,57294,55861,53402,49762,44915,38990,32266,25149,18125,11706,6371,2503,351,0,1367,4219,8206,12906,17878,22707,27051,30664,33411,35265,36298,36656,36529,36130,35663,35306,35200,35433,36049,37042,38369,39956,41713,43542,45348,47053,48600,49957,51122,52118,52985,53774,54535,55305,56103,56924,57738,58501,59157,59658,59970,60087,60033,59863,59654,59492,59460,59620,60001,60593,61349,62194,63037,63790,64386,64790,65007,65077,65066,65045,65074,65180,65345,65500,65535,65310,64687,63554,61850,59589,56865,53846,50759,47860,45398,43582,42550,42355,42956,44231,45999,48048,50168,52180,53953,55418,56560,57404,57999,58391
PET,40720,36164,31279,26479,22286,19223,17710,17986,20046,23645,28323,33487,38500,42791,45935,47715,48141,47426,45931,44079,42272,40807,39828,39300,39029,38711,37994,36562,34199,30837,26577,21676,16503,11487,7046,3525,1149,0,14,1008,2711,4814,7019,9067,10771,12024,12794,13116,13077,12798,12423,12109,12017,12309,13138,14632,16880,19915,23694,28092,32900,37842,42602,46870,50380,52959,54556,55256,55270,54902,54499,54387,54814,55895,57591,59711,61938,63891,65190,65535,64758,62870,60056,56658,53110,49869,47335,45782,45311,45841,47122,48794,50450,51719,52334,52176,51294,49885,48250,46726,45611,45106,45261,45969,46981,47953,48514,48338,47212,45084,42079,38486,34719,31250,28542,26975,26792,28068,30702,34434,38884,43598,48095,51920,54669,56014,55712,53602
PET,31161,26846,23175,20430,18947,19025,20848,24412,29502,35692,42405,48987,54808,59356,62318,63614,63401,62029,59962,57688,55620,54018,52947,52273,51693,50807,49207,46562,42694,37625,31579,24959,18281,12092,6889,3042,746,0,623,2300,4637,7234,9742,11910,13605,14810,15602,16115,16504,16907,17426,18117,18996,20060,21303,22735,24391,26332,28627,31336,34487,38051,41937,45997,50033,53836,57211,60010,62157,63655,64583,65075,65287,65366,65416,65481,65535,65495,65245,64666,63671,62228,60378,58230,55944,53703,51673,49977,48667,47717,47035,46483,45917,45217,44323,43250,42086,40976,40081,39541,39427,39716,40271,40856,41165,40872,39695,37448,34093,29764,24763,19535,14612,10546,7837,6866,7841,10774,15477,21581,28582,35885,42868,48922,53502,56150,56513,54355
PET,2418,38,0,2084,5976,11281,17547,24295,31054,37388,42940,47450,50782,52925,53989,54180,53771,53055,52304,51731,51455,51490,51747,52046,52157,51833,50860,49091,46481,43094,39105,34776,30426,26384,22955,20374,18780,18203,18566,19700,21369,23307,25253,26982,28331,29214,29625,29630,29356,28968,28644,28556,28849,29630,30952,32817,35176,37935,40968,44125,47251,50200,52844,55092,56893,58243,59182,59788,60166,60434,60704,61065,61572,62235,63018,63847,64619,65217,65535,65491,65043,64195,62998,61541,59938,58310,56764,55382,54211,53259,52497,51878,51345,50846,50350,49851,49367,48934,48593,48372,48275,48266,48269,48172,47836,47121,45908,44118,41739,38831,35531,32043,28615,25515,22999,21275,20483,20671,21784,23671,26090,28731,31241,33247,34391,34353,32869,29757
PET,2439,616,0,524,2092,4581,7840,11698,15969,20459,24971,29316,33321,36841,39765,42021,43587,44482,44772,44554,43950,43088,42091,41058,40060,39124,38240,37366,36437,35382,34147,32701,31058,29279,27468,25762,24316,23278,22765,22846,23523,24729,26330,28146,29970,31601,32872,33678,33993,33875,33462,32952,32574,32557,33093,34309,36247,38856,42001,45477,49042,52448,55478,57971,59845,61098,61807,62109,62173,62171,62247,62496,62950,63575,64279,64934,65395,65535,65260,64535,63383,61888,60178,58407,56730,55277,54131,53322,52818,52535,52351,52131,51745,51098,50139,48873,47363,45712,44054,42523,41235,40265,39633,39297,39157,39070,38866,38379,37467,36041,34075,31622,28803,25801,22839,20148,17944,16395,15596,15558,16194,17330,18716,20051,21014,21294,20624,18809
PET,1160,0,519,2567,5922,10303,15383,20812,26236,31329,35816,39501,42282,44155,45213,45624,45606,45390,45187,45157,45383,45871,46545,47277,47907,48281,48280,47849,47005,45840,44505,43185,42068,41312,41020,41225,41883,42888,44084,45300,46372,47173,47626,47713,47473,46986,46358,45698,45105,44650,44377,44302,44421,44723,45197,45843,46668,47686,48909,50337,51944,53679,55462,57195,58772,60097,61102,61762,62098,62181,62115,62022,62019,62194,62587,63182,63905,64636,65229,65535,65431,64842,63755,62218,60339,58263,56150,54150,52378,50905,49743,48860,48184,47630,47118,46588,46015,45412,44820,44296,43896,43657,43577,43615,43688,43679,43461,42914,41945,40513,38633,36379,33877,31289,28791,26549,24695,23314,22429,22002,21935,22086,22280,22329,22048,21269,19858,17718
PET,38949,38713,39349,40796,42958,45701,48854,52215,55560,58669,61340,63416,64803,65481,65504,64991,64103,63015,61882,60813,59845,58934,57966,56768,55142,52899,49898,46073,41452,36162,30418,24499,18717,13376,8742,5014,2308,654,0,229,1185,2688,4557,6625,8749,10811,12718,14403,15820,16946,17783,18359,18733,18992,19249,19631,20266,21265,22703,24608,26949,29640,32548,35510,38360,40955,43192,45027,46478,47618,48559,49426,50333,51359,52531,53820,55151,56413,57491,58285,58739,58852,58681,58336,57955,57684,57645,57919,58524,59421,60516,61686,62799,63746,64455,64908,65137,65214,65226,65250,65327,65446,65535,65466,65078,64206,62712,60518,57631,54152,50272,46254,42398,39003,36330,34568,33809,34046,35173,37005,39306,41815,44280,46470,48199,49323,49743,49399
PC,64754,64770,64681,64539,64409,64349,64400,64570,64835,65137,65398,65535,65469,65151,64561,63715,62658,61452,60158,58821,57452,56027,54481,52719,50637,48135,45144,41639,37651,33266,28623,23891,19256,14895,10961,7570,4793,2660,1169,294,0,248,1004,2238,3915,5992,8408,11080,13903,16754,19505,22039,24265,26130,27630,28810,29756,30582,31410,32349,33478,34833,36404,38138,39954,41758,43461,44999,46342,47495,48496,49406,50286,51189,52142,53141,54147,55099,55925,56557,56949,57085,56988,56714,56346,55975,55686,55545,55585,55803,56167,56621,57103,57553,57930,58215,58413,58543,58630,58692,58731,58726,58632,58395,57959,57285,56372,55259,54035,52830,51798,51094,50850,51148,52005,53363,55100,57041,58990,60755,62187,63194,63762,63943,63853,63637,63442,63387
PC,64661,64695,64637,64534,64445,64423,64502,64686,64947,65228,65451,65535,65408,65024,64369,63464,62357,61111,59787,58430,57050,55619,54069,52307,50225,47725,44739,41241,37266,32902,28286,23589,18995,14679,10792,7446,4710,2612,1147,288,0,244,990,2205,3859,5910,8298,10941,13735,16558,19283,21792,23994,25838,27319,28483,29416,30233,31055,31992,33121,34477,36050,37786,39601,41399,43093,44617,45940,47068,48042,48920,49769,50641,51567,52543,53534,54479,55306,55949,56359,56521,56455,56217,55885,55550,55295,55183,55247,55483,55859,56319,56802,57250,57623,57903,58097,58224,58310,58375,58419,58421,58336,58108,57680,57014,56105,54995,53771,52563,51526,50816,50567,50861,51717,53080,54826,56782,58751,60544,62007,63050,63653,63871,63813,63624,63449,63406
PC,64692,64724,64659,64547,64448,64416,64487,64666,64926,65209,65440,65535,65422,65056,64421,63537,62453,61232,59936,58607,57257,55855,54335,52599,50539,48054,45074,41575,37588,33201,28555,23821,19185,14826,10898,7515,4747,2626,1147,284,0,257,1021,2261,3942,6023,8441,11113,13934,16781,19525,22049,24261,26110,27592,28754,29683,30496,31314,32249,33380,34743,36327,38076,39908,41725,43437,44977,46314,47452,48431,49313,50162,51035,51962,52942,53941,54899,55744,56408,56843,57030,56989,56771,56456,56131,55879,55765,55819,56042,56402,56845,57309,57740,58098,58365,58547,58664,58742,58799,58836,58831,58739,58503,58067,57393,56476,55356,54122,52902,51850,51123,50853,51124,51953,53287,55003,56928,58868,60633,62071,63092,63678,63882,63814,63618,63440,63397
PC,64635,64672,64619,64525,64446,64434,64520,64709,64970,65247,65462,65535,65393,64993,64322,63401,62280,61023,59692,58331,56949,55520,53975,52219,50145,47654,44676,41189,37222,32867,28258,23568,18979,14668,10785,7442,4707,2610,1146,288,0,245,990,2207,3862,5913,8302,10947,13743,16568,19295,21808,24014,25863,27351,28522,29463,30288,31117,32059,33192,34550,36122,37855,39665,41459,43148,44668,45989,47119,48097,48983,49842,50727,51666,52656,53659,54616,55452,56102,56516,56681,56617,56379,56048,55712,55456,55343,55404,55637,56007,56460,56934,57372,57733,58002,58184,58301,58378,58436,58474,58471,58382,58150,57718,57048,56135,55020,53792,52581,51544,50836,50591,50893,51758,53130,54885,56847,58819,60610,62067,63098,63687,63888,63813,63608,63422,63372
PC,64563,64607,64562,64477,64408,64405,64499,64695,64962,65243,65461,65535,65395,64996,64327,63409,62292,61039,59712,58352,56971,55539,53988,52223,50136,47630,44636,41132,37152,32786,28173,23483,18900,14599,10729,7400,4681,2597,1142,288,0,239,976,2179,3820,5858,8234,10868,13654,16473,19196,21706,23911,25758,27243,28412,29351,30172,30999,31940,33072,34432,36006,37742,39557,41354,43047,44569,45892,47022,48000,48885,49743,50628,51567,52557,53562,54518,55355,56003,56415,56576,56506,56261,55922,55580,55318,55202,55262,55496,55871,56331,56812,57257,57626,57901,58087,58207,58287,58345,58383,58380,58292,58060,57629,56961,56049,54934,53705,52493,51451,50738,50486,50781,51638,53004,54754,56715,58687,60481,61944,62984,63582,63793,63729,63535,63357,63314
PC,64769,64804,64745,64639,64545,64515,64583,64754,65000,65264,65469,65535,65390,64989,64319,63400,62281,61026,59695,58332,56949,55516,53968,52209,50133,47640,44663,41176,37212,32858,28252,23563,18975,14663,10778,7433,4698,2600,1137,282,0,252,1007,2233,3897,5958,8355,11006,13805,16632,19360,21873,24078,25927,27414,28585,29526,30352,31182,32125,33259,34619,36193,37927,39740,41536,43228,44751,46075,47208,48187,49072,49930,50811,51746,52730,53728,54678,55510,56155,56568,56731,56667,56430,56099,55764,55509,55397,55459,55693,56066,56524,57005,57450,57822,58101,58294,58420,58506,58570,58613,58613,58525,58294,57864,57196,56288,55178,53958,52754,51723,51019,50774,51072,51929,53289,55029,56976,58932,60709,62156,63181,63767,63968,63898,63699,63518,63474
PC,64622,64664,64614,64522,64444,64431,64517,64704,64965,65243,65459,65535,65398,65004,64340,63427,62312,61060,59731,58368,56982,55542,53984,52212,50120,47611,44616,41112,37134,32771,28160,23471,18889,14587,10716,7386,4665,2581,1129,280,0,249,997,2213,3864,5910,8292,10928,13714,16528,19244,21746,23942,25781,27259,28423,29357,30177,31002,31941,33072,34430,36002,37735,39546,41341,43030,44551,45872,47000,47975,48858,49712,50591,51523,52505,53501,54449,55277,55920,56328,56488,56420,56180,55847,55511,55256,55145,55209,55445,55820,56279,56759,57204,57572,57849,58038,58163,58248,58313,58358,58362,58281,58056,57632,56969,56064,54957,53737,52533,51500,50796,50552,50853,51716,53084,54834,56792,58760,60548,62004,63037,63629,63835,63767,63569,63390,63347
PC,64634,64671,64617,64520,64437,64421,64504,64691,64954,65234,65454,65535,65403,65015,64357,63451,62344,61102,59785,58437,57069,55651,54116,52368,50298,47808,44828,41334,37358,32989,28365,23658,19052,14723,10825,7468,4723,2619,1149,288,0,245,992,2209,3865,5917,8306,10951,13746,16570,19296,21808,24013,25860,27345,28513,29449,30268,31090,32025,33151,34503,36070,37799,39607,41399,43088,44607,45928,47055,48029,48909,49760,50635,51564,52543,53536,54482,55311,55955,56366,56528,56464,56226,55895,55561,55306,55194,55256,55490,55863,56319,56797,57240,57607,57882,58071,58194,58278,58342,58386,58389,58306,58081,57657,56995,56092,54986,53767,52564,51532,50827,50582,50879,51737,53100,54846,56799,58765,60552,62008,63044,63640,63850,63786,63592,63414,63371
PC,64514,64555,64513,64432,64369,64373,64475,64678,64950,65236,65457,65535,65398,65005,64342,63432,62324,61082,59767,58420,57051,55629,54087,52328,50246,47742,44748,41243,37259,32888,28267,23569,18976,14665,10785,7446,4715,2621,1156,294,0,235,969,2172,3814,5854,8233,10869,13659,16480,19204,21715,23920,25766,27251,28420,29358,30181,31009,31952,33088,34451,36031,37772,39592,41396,43094,44622,45950,47085,48066,48954,49813,50698,51636,52625,53626,54580,55413,56059,56469,56627,56556,56310,55970,55626,55363,55244,55301,55531,55901,56355,56831,57272,57638,57910,58096,58216,58296,58355,58393,58389,58298,58063,57626,56950,56030,54906,53669,52449,51403,50686,50434,50730,51592,52963,54720,56687,58666,60466,61933,62976,63576,63786,63720,63523,63341,63293
PC,64527,64573,64532,64452,64387,64389,64488,64688,64958,65240,65460,65535,65396,64999,64332,63417,62303,61054,59731,58376,57000,55572,54025,52263,50180,47677,44685,41184,37206,32842,28229,23538,18954,14649,10775,7440,4714,2621,1158,296,0,233,964,2165,3805,5843,8221,10858,13649,16472,19199,21713,23922,25772,27259,28429,29367,30189,31015,31955,33088,34448,36024,37763,39581,41384,43082,44611,45939,47075,48057,48945,49806,50691,51631,52620,53624,54580,55417,56066,56481,56644,56578,56337,56002,55663,55404,55289,55350,55584,55957,56416,56896,57340,57709,57984,58170,58289,58368,58425,58462,58457,58366,58133,57701,57032,56122,55009,53784,52575,51536,50825,50573,50865,51717,53074,54814,56761,58720,60499,61948,62975,63562,63764,63693,63494,63314,63271
PC,64864,64904,64853,64757,64673,64649,64718,64880,65108,65344,65512,65535,65342,64893,64176,63215,62061,60777,59427,58052,56663,55230,53685,51931,49862,47379,44411,40937,36988,32653,28069,23406,18847,14565,10710,7392,4679,2598,1144,289,0,238,973,2177,3817,5855,8231,10866,13654,16474,19201,21716,23930,25788,27289,28476,29436,30281,31133,32098,33253,34634,36226,37975,39798,41599,43289,44804,46112,47223,48174,49029,49851,50697,51595,52541,53502,54416,55212,55822,56200,56331,56236,55971,55618,55267,55004,54891,54963,55216,55616,56108,56627,57114,57527,57846,58075,58232,58343,58425,58482,58490,58409,58182,57756,57094,56191,55091,53880,52688,51669,50978,50746,51056,51925,53297,55049,57007,58975,60764,62224,63262,63861,64076,64016,63826,63651,63610
PC,64579,64616,64564,64470,64393,64383,64473,64667,64936,65223,65449,65535,65408,65024,64369,63466,62364,61127,59817,58477,57119,55713,54191,52458,50405,47932,44967,41486,37518,33153,28528,23813,19193,14846,10925,7545,4776,2650,1164,292,0,248,1004,2236,3910,5983,8392,11056,13866,16703,19438,21954,24160,26006,27488,28652,29584,30399,31219,32152,33277,34628,36194,37923,39731,41524,43213,44733,46054,47182,48156,49035,49885,50758,51683,52658,53645,54586,55409,56047,56454,56613,56546,56307,55977,55643,55390,55280,55344,55579,55953,56410,56889,57332,57700,57975,58164,58287,58370,58432,58474,58474,58388,58159,57731,57067,56160,55054,53834,52632,51601,50897,50652,50948,51804,53163,54902,56848,58803,60579,62024,63047,63631,63830,63756,63554,63369,63321
PC,64533,64570,64521,64432,64362,64361,64460,64662,64937,65227,65453,65535,65401,65008,64342,63427,62313,61065,59744,58394,57025,55605,54067,52312,50233,47730,44734,41223,37231,32850,28220,23514,18917,14607,10731,7402,4684,2602,1148,293,0,230,952,2139,3762,5782,8143,10766,13548,16366,19093,21611,23826,25683,27177,28352,29295,30119,30947,31888,33022,34384,35963,37705,39527,41332,43032,44561,45889,47022,48000,48884,49741,50625,51564,52554,53559,54516,55354,56002,56413,56572,56499,56251,55910,55566,55306,55192,55258,55499,55881,56348,56834,57282,57649,57919,58098,58208,58276,58323,58352,58342,58249,58016,57586,56919,56008,54894,53665,52450,51405,50688,50433,50726,51584,52953,54709,56678,58661,60465,61937,62985,63589,63803,63739,63542,63359,63310
PC,64555,64596,64548,64461,64389,64384,64479,64676,64946,65230,65454,65535,65403,65014,64355,63449,62345,61106,59796,58456,57097,55689,54165,52427,50367,47886,44913,41423,37449,33080,28453,23740,19125,14786,10874,7505,4747,2632,1154,288,0,250,1006,2237,3909,5981,8390,11053,13866,16706,19445,21967,24179,26032,27521,28693,29634,30458,31287,32231,33365,34727,36302,38039,39854,41650,43341,44862,46182,47308,48280,49159,50010,50887,51819,52802,53800,54753,55588,56238,56654,56820,56757,56520,56188,55851,55592,55475,55531,55758,56123,56571,57040,57472,57827,58090,58264,58373,58441,58489,58517,58506,58411,58175,57744,57077,56172,55066,53850,52650,51621,50918,50673,50968,51822,53177,54912,56853,58803,60574,62014,63032,63612,63808,63732,63528,63344,63296
PC,64490,64537,64500,64424,64366,64375,64479,64683,64956,65240,65459,65535,65397,65003,64340,63431,62325,61085,59770,58422,57050,55624,54075,52309,50218,47705,44704,41194,37208,32838,28222,23530,18947,14645,10774,7443,4719,2628,1163,299,0,228,954,2149,3783,5816,8190,10822,13610,16430,19156,21669,23876,25727,27216,28388,29329,30154,30983,31926,33061,34422,35998,37736,39553,41353,43048,44575,45901,47036,48018,48906,49768,50655,51596,52587,53592,54549,55386,56036,56450,56614,56548,56307,55973,55635,55377,55262,55322,55555,55927,56382,56859,57300,57665,57937,58120,58238,58315,58371,58406,58400,58307,58071,57635,56962,56046,54930,53700,52488,51449,50739,50492,50790,51650,53017,54766,56724,58691,60478,61933,62964,63553,63755,63683,63482,63299,63253
PA66,218,0,613,2011,4123,6848,10063,13621,17362,21116,24724,28045,30969,33433,35424,36978,38179,39148,40026,40956,42067,43456,45178,47236,49587,52141,54781,57367,59763,61843,63509,64693,65366,65535,65231,64512,63442,62089,60515,58769,56888,54896,52806,50628,48372,46052,43696,41343,39046,36870,34887,33171,31788,30794,30225,30090,30371,31021,31967,33117,34365,35606,36742,37696,38414,38877,39097,39112,38986,38790,38597,38468,38443,38535,38728,38982,39236,39422,39471,39331,38967,38373,37569,36597,35516,34392,33284,32242,31297,30458,29717,29052,28434,27836,27241,26645,26058,25505,25016,24621,24339,24175,24109,24100,24088,23996,23749,23275,22526,21478,20143,18566,16824,15014,13245,11627,10253,9191,8477,8109,8047,8219,8525,8851,9079,9095,8805,8140
PA66,250,0,536,1843,3892,6624,9950,13744,17847,22071,26214,30082,33504,36358,38582,40183,41240,41893,42323,42732,43313,44222,45564,47370,49600,52150,54864,57559,60052,62181,63828,64930,65484,65535,65167,64484,63585,62548,61418,60201,58868,57363,55623,53597,51263,48639,45793,42841,39931,37233,34912,33108,31915,31372,31452,32070,33095,34365,35711,36979,38046,38833,39312,39501,39457,39261,39004,38767,38613,38580,38673,38872,39136,39414,39653,39807,39846,39753,39529,39187,38747,38232,37660,37046,36398,35719,35007,34262,33486,32686,31877,31076,30303,29582,28929,28360,27881,27491,27185,26950,26768,26621,26486,26339,26153,25899,25546,25063,24421,23597,22578,21368,19987,18474,16886,15297,13782,12418,11264,10359,9713,9301,9066,8925,8778,8521,8062,7331
PA66,264,0,958,3027,6048,9820,14115,18694,23317,27764,31847,35426,38415,40790,42581,43870,44775,45439,46007,46613,47368,48346,49582,51074,52783,54645,56580,58500,60318,61955,63342,64425,65164,65535,65523,65133,64380,63297,61929,60335,58586,56754,54912,53123,51437,49884,48472,47192,46022,44935,43908,42933,42022,41208,40544,40095,39930,40101,40640,41541,42762,44224,45816,47414,48895,50152,51108,51729,52024,52038,51846,51535,51187,50868,50614,50430,50290,50148,49948,49638,49184,48575,47826,46979,46085,45200,44371,43621,42952,42335,41727,41073,40326,39457,38464,37381,36269,35210,34295,33600,33177,33035,33139,33408,33725,33957,33969,33648,32919,31758,30192,28299,26195,24015,21896,19960,18297,16955,15942,15223,14734,14388,14089,13742,13262,12577,11635,10401
PA66,0,68,1094,3021,5763,9201,13180,17516,22003,26428,30585,34299,37440,39941,41802,43093,43942,44520,45015,45609,46452,47644,49222,51158,53365,55713,58052,60228,62112,63608,64670,65299,65535,65446,65115,64618,64012,63327,62561,61684,60647,59392,57871,56053,53940,51565,48998,46338,43704,41222,39011,37174,35783,34877,34456,34483,34893,35596,36489,37467,38432,39303,40022,40557,40901,41073,41111,41064,40983,40916,40895,40934,41027,41146,41250,41287,41206,40966,40541,39927,39145,38233,37247,36246,35282,34398,33613,32923,32302,31708,31093,30413,29637,28757,27792,26786,25799,24901,24155,23608,23278,23147,23164,23249,23305,23229,22933,22354,21466,20283,18859,17279,15647,14070,12647,11452,10529,9885,9497,9315,9272,9293,9306,9248,9069,8731,8212,7499
PA66,0,288,2082,5153,9192,13842,18737,23541,27975,31842,35035,37536,39403,40752,41731,42499,43202,43961,44860,45944,47226,48690,50303,52020,53795,55583,57339,59023,60595,62014,63242,64238,64968,65405,65535,65355,64883,64149,63192,62059,60795,59441,58023,56560,55059,53519,51940,50328,48702,47094,45552,44136,42912,41942,41276,40941,40936,41231,41766,42461,43221,43955,44581,45038,45297,45359,45253,45034,44769,44527,44368,44333,44440,44677,45009,45382,45728,45980,46077,45978,45659,45125,44399,43528,42568,41582,40629,39759,39005,38384,37893,37511,37208,36944,36680,36382,36025,35598,35100,34545,33954,33348,32751,32174,31619,31074,30513,29899,29193,28356,27359,26191,24860,23399,21861,20316,18841,17507,16375,15481,14828,14386,14095,13864,13591,13169,12502,11519
PA66,0,647,1764,3410,5643,8500,11972,15983,20388,24984,29521,33745,37425,40392,42565,43963,44703,44985,45059,45187,45605,46485,47915,49886,52299,54981,57720,60289,62483,64145,65173,65535,65249,64381,63014,61237,59128,56742,54116,51269,48214,44970,41574,38082,34577,31155,27925,24990,22439,20335,18710,17565,16875,16591,16655,17003,17574,18310,19162,20079,21014,21920,22747,23451,23996,24361,24548,24589,24540,24480,24505,24705,25158,25908,26959,28269,29750,31280,32720,33930,34789,35214,35170,34670,33776,32583,31207,29765,28362,27075,25953,25011,24243,23623,23121,22710,22373,22103,21901,21771,21714,21719,21763,21806,21802,21700,21455,21038,20439,19670,18763,17762,16714,15658,14617,13595,12573,11519,10395,9170,7833,6402,4926,3486,2186,1135,438,173
PA66,0,249,1966,4935,8866,13422,18257,23046,27518,31472,34792,37441,39458,40935,42001,42801,43476,44147,44911,45831,46943,48252,49744,51389,53145,54965,56793,58576,60255,61775,63085,64142,64912,65378,65535,65395,64983,64331,63476,62451,61281,59984,58566,57028,55368,53590,51708,49752,47771,45830,44006,42377,41019,39989,39318,39011,39039,39345,39854,40481,41138,41755,42277,42676,42949,43118,43215,43284,43365,43489,43673,43918,44207,44513,44801,45033,45177,45207,45108,44876,44515,44037,43460,42804,42089,41339,40572,39808,39066,38362,37710,37120,36597,36140,35741,35389,35069,34763,34457,34138,33800,33440,33058,32652,32218,31745,31212,30592,29851,28956,27881,26614,25162,23558,21859,20142,18496,17009,15756,14789,14120,13722,13525,13428,13305,13026,12473,11555
PA66,446,0,946,3152,6429,10550,15258,20290,25390,30327,34907,38983,42461,45300,47510,49145,50288,51049,51540,51873,52146,52432,52782,53214,53726,54291,54869,55414,55879,56224,56423,56463,56347,56092,55726,55284,54801,54310,53839,53404,53011,52658,52332,52017,51696,51356,50990,50602,50209,49839,49533,49340,49312,49499,49946,50678,51707,53015,54563,56286,58098,59901,61590,63064,64239,65055,65484,65535,65249,64702,63991,63225,62508,61930,61553,61401,61461,61679,61970,62230,62348,62224,61779,60971,59795,58289,56526,54603,52630,50715,48951,47403,46104,45057,44234,43587,43056,42585,42125,41643,41125,40569,39984,39379,38757,38106,37398,36590,35628,34462,33050,31375,29453,27336,25110,22889,20803,18973,17499,16441,15805,15537,15526,15617,15626,15364,14661,13390
PA66,368,0,1211,3808,7524,12044,17040,22197,27237,31940,36151,39784,42814,45269,47213,48733,49928,50891,51714,52471,53227,54032,54923,55921,57035,58253,59547,60870,62159,63340,64333,65066,65479,65535,65224,64567,63611,62422,61074,59639,58175,56718,55275,53832,52357,50811,49163,47402,45549,43656,41810,40124,38720,37712,37191,37208,37763,38804,40230,41906,43680,45402,46944,48218,49185,49853,50274,50529,50712,50910,51186,51568,52043,52559,53035,53376,53486,53291,52745,51845,50627,49164,47553,45904,44321,42889,41668,40680,39920,39354,38933,38602,38314,38036,37755,37476,37222,37021,36898,36868,36926,37041,37162,37216,37122,36799,36180,35221,33909,32269,30359,28269,26108,23997,22050,20366,19017,18040,17433,17155,17131,17256,17407,17454,17266,16727,15741,14240
PA66,0,90,1464,3957,7339,11345,15689,20098,24330,28191,31548,34331,36533,38199,39416,40301,40980,41582,42223,43002,43989,45229,46737,48498,50474,52606,54817,57019,59121,61034,62675,63981,64905,65423,65535,65261,64639,63717,62548,61185,59670,58040,56320,54528,52676,50782,48866,46963,45115,43379,41815,40485,39440,38718,38333,38274,38503,38959,39567,40242,40906,41489,41945,42251,42408,42440,42385,42291,42202,42154,42171,42254,42392,42555,42706,42806,42815,42706,42463,42083,41579,40972,40292,39574,38849,38145,37484,36880,36340,35864,35447,35078,34748,34445,34156,33872,33583,33280,32957,32606,32223,31799,31326,30795,30195,29512,28732,27844,26837,25709,24465,23121,21707,20261,18831,17473,16237,15169,14300,13639,13173,12864,12651,12454,12186,11759,11096,10139
PA66,1188,0,141,1546,4108,7689,12113,17168,22619,28209,33681,38789,43317,47098,50030,52084,53309,53826,53816,53498,53103,52847,52902,53375,54294,55608,57194,58876,60454,61731,62551,62813,62496,61653,60408,58932,57413,56031,54923,54164,53755,53627,53652,53672,53526,53082,52260,51055,49537,47843,46160,44696,43647,43172,43364,44243,45748,47756,50093,52566,54986,57193,59075,60576,61693,62473,62991,63338,63601,63851,64129,64449,64793,65125,65391,65535,65501,65244,64732,63945,62880,61545,59965,58177,56233,54195,52140,50149,48304,46680,45333,44298,43576,43138,42925,42855,42838,42786,42629,42324,41860,41260,40566,39833,39111,38428,37780,37128,36401,35507,34355,32874,31037,28872,26469,23976,21579,19476,17841,16795,16376,16527,17089,17822,18429,18598,18043,16548
PA66,433,0,617,2210,4665,7833,11536,15572,19730,23798,27584,30931,33727,35920,37523,38607,39294,39744,40134,40633,41389,42504,44031,45963,48241,50765,53402,56013,58461,60631,62439,63836,64805,65361,65535,65369,64905,64174,63198,61980,60515,58791,56798,54535,52018,49280,46382,43403,40440,37604,35007,32756,30943,29637,28876,28667,28976,29740,30865,32235,33724,35205,36563,37705,38571,39134,39405,39430,39276,39029,38774,38586,38517,38591,38798,39099,39430,39714,39872,39838,39564,39032,38254,37270,36139,34936,33733,32596,31574,30695,29968,29384,28922,28559,28275,28055,27898,27807,27792,27860,28007,28218,28458,28674,28802,28769,28508,27964,27105,25931,24473,22793,20980,19136,17371,15783,14454,13433,12738,12349,12214,12250,12357,12422,12333,11987,11300,10210
PA66,102,0,841,2575,5119,8357,12135,16270,20553,24765,28699,32178,35077,37335,38966,40054,40745,41224,41689,42326,43281,44642,46430,48597,51040,53616,56167,58544,60626,62335,63641,64558,65134,65437,65535,65479,65297,64984,64508,63813,62837,61522,59830,57755,55326,52608,49701,46726,43817,41105,38711,36732,35236,34259,33801,33832,34293,35103,36163,37367,38605,39776,40796,41601,42155,42454,42524,42416,42199,41947,41732,41608,41601,41710,41899,42107,42259,42275,42088,41655,40963,40037,38932,37727,36510,35365,34358,33527,32879,32388,32009,31685,31364,31009,30605,30166,29728,29343,29058,28910,28909,29029,29210,29364,29384,29167,28628,27714,26421,24791,22912,20903,18895,17019,15377,14039,13026,12318,11858,11562,11342,11111,10801,10368,9793,9075,8227,7263
PA66,0,142,1256,3250,5994,9329,13075,17043,21048,24918,28506,31700,34426,36657,38408,39738,40744,41548,42288,43099,44106,45400,47033,49010,51282,53757,56305,58775,61016,62890,64297,65180,65535,65408,64885,64077,63099,62050,60997,59962,58921,57808,56531,54990,53106,50833,48184,45232,42113,39009,36127,33675,31830,30710,30362,30750,31760,33214,34897,36585,38076,39214,39912,40154,39998,39554,38970,38401,37985,37823,37963,38394,39055,39842,40631,41295,41723,41837,41598,41011,40119,38992,37716,36379,35058,33814,32683,31678,30794,30013,29311,28663,28052,27466,26904,26370,25871,25413,25000,24628,24286,23956,23614,23235,22790,22255,21611,20846,19954,18943,17828,16636,15402,14168,12981,11888,10932,10148,9557,9162,8945,8871,8883,8913,8886,8726,8367,7763
PA66,0,68,1310,3604,6775,10613,14885,19355,23796,28010,31835,35159,37922,40115,41777,42989,43860,44515,45082,45683,46417,47356,48539,49971,51626,53450,55371,57304,59165,60875,62367,63595,64528,65157,65487,65535,65324,64880,64226,63383,62363,61178,59835,58347,56730,55009,53223,51419,49655,47993,46498,45229,44234,43545,43177,43119,43344,43805,44442,45186,45970,46728,47406,47966,48381,48644,48763,48754,48643,48459,48231,47980,47723,47466,47206,46933,46631,46281,45863,45364,44775,44094,43330,42501,41629,40745,39876,39051,38291,37609,37008,36482,36016,35590,35178,34760,34317,33840,33326,32781,32216,31647,31083,30531,29986,29434,28849,28196,27438,26541,25482,24253,22866,21353,19770,18183,16668,15295,14122,13183,12485,12001,11674,11424,11155,10768,10176,9313
